node,dist
6,0.87165042183135633
1,0.77698515693963754
6,1.5086433021761563
7,0.79381674090465082
21,1.1927952900586385
9,1.0262744000473643
16,0.68772638394907093
17,1.004210242454123
2,1.021063601992493
5,0.98896667967755647
24,0.55579571515667159
9,1.0804567206044891
25,0.45853084144254441
10,0.6581607938021018
1,0.37461428079029846
7,0.81668825183396587
16,0.89634055126913847
5,0.41721251860375413
21,0.67183397689262481
17,1.0053417574497536
20,0.8957618148441282
25,1.5213684349319629
6,0.99894382148468575
2,0.91559986475371968
25,1.7812541830499315
9,0.48573057006742176
2,0.81840687051866856
19,0.63110628221745169
6,1.337994832621398
7,0.40109519744172933
5,0.73630167276502956
22,1.0518202918286481
4,0.96149904725352964
4,0.69018923531726795
25,1.4406262966095915
16,0.61251327011312973
2,0.39343992401261657
16,0.76470527974953739
4,0.69094005283927662
21,0.65314915233740511
20,0.62136165116395725
24,0.88667689929399107
17,1.0785991383603701
17,0.77637420940974355
10,1.2237398668484529
9,0.86596776459797908
5,0.73245190728540188
16,0.97056726504298363
17,0.41972856704504724
2,1.6562956364654062
10,0.66068310602939906
7,0.77361832536549513
10,0.72437438453848824
21,0.7093863655885797
5,0.77156904267608062
17,0.61663244388714766
25,0.32446097779734046
5,1.5274938477466593
20,0.6618554096137601
7,0.84620909820588674
2,1.3290894429482902
16,0.75854448997423507
22,2.0046026428698149
21,0.92598640577877478
22,1.0177666109064929
16,1.5011132338226547
4,1.304802130552301
19,1.1668027240137679
16,1.1027894106226557
2,1.1061857413036864
16,0.96977002628316222
24,0.50369516194726383
16,0.28616862516784342
16,1.3093441931096206
22,0.81671502986991251
9,1.2322109337075087
1,1.1198197033886927
2,0.70263659649773458
1,0.67055186094026009
24,0.74153661008271166
5,1.3236469761673124
1,0.62746687795668343
21,0.33745792409104014
7,0.97115893922625818
2,1.3779595196418803
5,0.48735797824025223
5,0.94792517080337446
6,0.87233728869413285
25,1.3412443054245031
25,0.59479353899560683
2,0.34686490018344746
10,1.3199495864244868
1,0.77090903628993546
9,0.77425575530968449
10,1.3814887593083327
21,0.67592522920135678
1,1.3688194030383862
5,0.55851714937350838
16,1.3663831934407056
17,1.4308715600022022
21,0.41393580792225781
4,0.9689625423004693
7,0.98252484761919412
17,1.0155075418116737
7,0.89664449852798456
16,0.93839546292826193
9,0.57592688235790701
19,0.79107109157014988
10,0.81396566706108087
6,1.6476143178098333
5,1.0175646107746537
7,0.67671421504991247
10,0.75684089010017297
19,1.187081888550698
22,0.60661672855265847
22,0.59508349601567057
20,0.76737117445452052
6,0.9327297095957866
1,0.5128533629541997
16,1.1529945284517455
20,0.6961350032069421
9,0.88095342281195543
5,1.0752019384579428
16,1.023077601298811
9,0.70905559395972273
6,0.81750071199589414
2,0.3643900118349625
9,0.60244222622029542
2,1.2423066388460156
6,0.69015714184081123
6,0.49859490079722368
22,0.29801234444520885
24,0.55006564747056441
6,0.90710764661232968
16,0.56895727886331671
4,1.4170852908244538
5,0.7029868397244714
2,1.5206658869797645
19,1.3080578359839508
16,0.97157313991803385
7,1.409530542067968
1,0.54253956890629984
17,0.38854539272733424
2,1.5082722248696769
7,1.5126395958326622
20,0.65953034422169887
10,1.3183558301188421
21,0.32132602618757333
24,0.74702563861492144
16,1.0733879369624761
21,0.18121826419485579
5,0.90967927825207651
2,1.050756280782104
20,0.73393125242159807
7,0.50908383483018027
6,0.65320079233548056
6,1.0300477923157503
19,0.69901389493042276
25,0.73368147464024558
4,1.1851292277439449
7,1.3863072504249061
21,1.1098245990138855
21,1.1851861287979899
25,1.1887808789830991
17,0.38893862745905095
4,0.99567000654560167
20,1.0534133080285324
19,1.8334317812170096
22,1.3219279983089542
6,0.8786435858121161
4,0.7768848805685642
1,1.2107327836448996
9,0.72341721687806348
21,0.53857579273889955
7,1.403598363411839
17,1.0912990617796396
20,1.0323029537633488
16,1.0694829925689351
17,0.61884558099922526
4,1.0017242222456511
22,1.3657189099075036
22,0.74264633374204969
17,1.0803981927182167
19,0.43381028519031128
22,0.66104305779949335
10,0.50660340830238926
9,0.43734224862162724
20,0.7421229030666513
16,0.80668009301587251
16,0.24984384436781995
25,0.80791856051404143
10,0.92064423412977137
22,0.48531280555810485
10,0.63878814840468456
4,0.49480968476843973
21,0.78523146951666289
7,1.1766428729769194
7,1.1252930265105716
16,0.6052202996739442
5,0.92442540420738428
10,1.4529325613405881
16,0.74053911024624663
1,0.69720495816874306
9,1.5358256811799698
25,0.45131761490576039
2,1.0415526439097489
21,1.1645050225784961
16,0.61814153554178375
22,0.61661741463207176
9,1.0931805055369128
17,0.9012557512079119
20,0.74855346994405436
9,0.62099902658945294
25,0.99616727646487546
22,0.75922923874736914
7,1.0654026299882164
10,0.560845951754116
22,1.2290717676204808
1,1.3453385844552619
21,0.4573238593527158
1,0.78184048713030208
2,0.82781202769948703
7,0.53005858509983972
20,0.79129165610878327
17,0.77267381164339255
16,1.4963069880797839
10,1.5485583367920019
21,0.26526547196035799
7,1.1602947370731895
1,0.58925941286289507
20,1.1610287448086942
21,0.52950151943483181
17,1.0207521165290556
24,1.1312719622532348
19,1.0155680059324637
1,0.65294665256220097
24,0.56648972044014012
10,0.78827595063779277
21,0.76191965003058648
5,0.80390288119114339
6,0.99738660198247997
19,1.0343250803311228
24,0.62666299812486737
17,0.80597983751392188
10,0.7369819090473485
10,1.171542534933264
4,1.0978699065666919
24,0.70331151060909025
2,0.85734037351393033
6,0.85388036427633762
2,0.84411283191062558
22,0.89455513790993457
7,0.8554295364740192
25,0.85711858014181108
21,1.1177447898576864
9,0.38823087787628602
25,0.71347320349900845
6,0.6644710181506106
7,0.29772099190384133
5,0.85223510021877469
7,0.79597684350989484
2,2.0727204781283377
2,0.58993954084788081
4,0.9897966611830209
16,1.1492004977248234
24,0.64394403307212889
4,0.59034801731502906
19,1.4095456712652192
9,1.3254123819809009
19,0.84978552729029999
2,0.59814660568872424
1,0.57713134875670846
5,1.3497464990877579
7,0.88517292741840237
16,1.2477058450170886
25,1.5984991353058553
10,1.8920912106724357
24,1.4115048010372957
2,0.90523173109467292
19,0.62325404300316922
9,1.1655795834735634
22,1.2298269166324811
25,1.1290234231437433
4,1.2740522365905016
17,0.94531236214158465
24,0.51430913559766811
24,0.75152761662698286
1,0.84776852593678564
6,0.92306671056019518
2,0.64878231855195068
19,0.63301397384093105
22,0.36994088312209172
1,1.150724056443333
20,1.1172662948826986
4,1.6611366641798606
9,1.1087857214762018
24,1.073755627154664
1,1.0544903016000187
1,0.9767569166092962
5,0.87415548603154969
1,1.1335281463642664
9,0.92138447230093856
22,1.1653252579337077
5,0.82223615044232545
2,1.4882569927313016
7,0.9527084435213703
16,1.2118451786928974
19,0.86614814844457677
7,1.2040073844452226
22,1.3125652314685259
17,1.3523066423263459
21,0.42957859876584464
16,0.45464591006813021
10,0.98631359475049951
25,0.36976524787114368
21,1.044579222142648
19,0.88956674804493097
22,0.74105781637166146
1,0.71569357684077395
7,0.84528910576885385
23,1.1916760582475825
20,0.79634608404299301
6,0.61865154716116022
17,0.75786947717217823
7,1.1698085177989952
21,0.58465405141446192
6,0.57227508960029072
16,1.074601849785314
9,0.68338029295549596
7,0.46911415861764882
19,0.87652363993134974
9,0.083103380629253737
22,0.7461081019343988
19,0.93152215213235723
16,1.0341411732017005
22,1.27175812564714
16,0.75757476610830188
9,0.32314600799355248
9,0.67239425275888498
20,0.55919957182583158
7,0.80577292566577574
25,1.295109910724185
6,0.7051523032553032
25,0.59991443731136929
16,1.7027527256496688
2,0.27621214757962737
22,1.262747750218201
10,0.91537798075916688
22,0.59921581310643146
17,0.80349300490367437
2,0.7728297795343777
19,0.83901843984576163
9,0.21119451509338383
22,0.70680979599984028
16,0.97280535278440394
7,0.84904773485035634
24,0.98860254980810836
19,1.0587805359076967
22,1.067988262744147
25,0.97511787597513921
7,1.0537202915905028
24,0.76503492454672839
19,0.9389937092764653
9,1.1667560807619262
1,0.95109862293095193
5,0.81293619531102534
16,1.7687425275342785
17,0.81814117561346089
7,0.62460454860417558
22,0.71679065352811411
19,0.72529647686549825
7,1.172524527094791
22,0.89232461585915035
20,0.85502767909200517
2,0.28427261498186124
10,0.6403142482892511
1,0.68642460848560627
16,0.69478240297856853
25,0.5134875769654903
2,1.5051724226606029
22,1.7803237262648237
9,0.97135153032991428
16,0.63231868497203403
25,0.77254246180328123
20,0.74354933122118194
16,0.97853988445236173
5,1.0032011056773178
7,0.98714152082351181
25,0.63612062179305773
17,0.97765238315336001
6,0.70263296020182464
2,0.70771038544321452
7,1.0688106907079147
21,0.96249342174562647
25,1.181672235500266
22,0.58490403166809024
24,0.42966823864145731
22,0.63571400745517936
24,1.17776287826258
25,0.7531063542229961
10,0.56991864129596603
4,0.92307408781457601
4,0.64175496375104824
7,0.60943204550618302
5,1.2318954518302048
21,1.3386219685867069
5,0.56304989102770897
2,0.80624473508024885
4,1.0198814686666455
25,1.1208352085380924
17,1.5777713420390667
1,1.0586957155499421
19,1.0774815107201876
16,1.0342352308474629
5,0.59607716022651547
6,0.5926098554110858
2,1.1669193812067729
5,0.89691806866632107
2,0.43727884054869393
4,0.90418522454118444
22,1.0624527845247742
22,1.0565684467946603
5,1.3361020956936611
9,1.3027420652395758
1,0.6731183084762925
19,0.47606994873183744
9,1.1692829556742501
2,1.5189784851573065
24,0.40900851728263637
9,1.4269594547059257
22,1.0877425918293513
24,0.71156160653146849
2,0.51826767079407599
22,0.6280619160044536
22,1.4574141879716018
21,0.98621392751624193
22,1.6800377986068835
4,0.73724342475481985
25,0.62723956970307526
6,1.0188193937805563
25,1.1063455127642969
6,0.8183669391304178
10,0.79249124336147814
20,0.32604889221106959
1,0.45539940248604288
17,1.023991017430679
22,0.68339394429810518
19,0.84703270662894836
20,1.7019237279906538
4,1.5755407859410686
16,2.0277578819769619
2,0.47874103603185336
9,0.81160437032168109
22,0.39217114107741458
7,0.47693447359282126
24,1.8045778227746374
24,0.69329299888558071
22,0.65650519382525518
19,0.82741437671966434
19,0.72759070611942978
16,0.54162583639748341
6,0.61526179334271724
4,1.432634521069597
21,0.45539599499185901
21,0.82366988956540044
19,0.79747030802130903
7,1.1227449631190618
21,0.65406314720878367
25,1.272074457248126
22,0.61940271648769651
2,0.75248218709193659
16,1.1025491044423028
22,1.1412508441174958
7,0.95398035595451858
6,0.8516580980306111
22,0.73957593894842089
19,0.43305053531138055
24,0.79690813235903712
17,0.77885680555285808
5,0.92025769892580112
17,1.3062161056227457
16,0.89121395754780874
9,0.33869869010502102
1,1.1190150167174699
22,0.96119113064506378
2,0.72963714472237717
20,0.64597141233823441
1,0.56264950617614451
17,0.67852515467752217
10,0.53831233344836404
17,0.61277264383573782
19,0.6725344500534427
9,0.59286206728994095
25,0.73053452793494333
17,0.63712074815414588
5,0.68522549457559134
2,1.6334988509047663
17,0.77302167047793258
16,1.2178647747126796
20,0.68166327512255143
19,0.62751608299270667
6,0.4084037319465767
17,1.2808736301296251
17,1.0924275942091843
6,0.8489066554267849
10,0.61985762379822262
20,0.67937349628234911
17,0.53830447886613952
24,0.54654443635585337
6,1.1563993494568261
17,1.6718995364821356
9,0.50233584417746613
16,1.3376556631379801
24,0.57101019637679029
1,0.65261255211471814
7,0.59421081363091366
16,0.76900445408042062
7,0.76425887291934769
9,0.64845361326061124
21,0.39525117112900093
2,0.59131561204255301
25,1.0338696446476312
1,0.24047723862726475
10,1.2692016297155313
19,0.84535702594814366
19,1.1309565676105988
7,0.87939840061970553
16,0.75651292584199181
2,0.64569313683372287
24,0.74837480354869224
2,0.21181365969001595
22,0.66852265279025413
21,1.0589738627574257
5,0.74600168116341314
22,1.1420722133445012
24,1.0944889830510824
4,1.4327490033354717
2,1.1632082940339947
7,0.81556800172289845
9,0.85030555264203955
1,0.50081536662155179
24,1.1601245478860969
21,0.88287247796299528
21,0.63550602767349118
19,0.72356023652184265
19,1.1671860341354579
20,0.47877732170942949
21,1.2048850982352415
17,0.92924380537981999
2,0.74671968890453899
10,0.39747700680465586
19,0.78491817740596104
5,1.4026870367331998
6,0.44611030764323062
7,1.3667366818411268
21,0.94260089741124575
7,0.45744973185299237
17,0.50524238680275635
10,0.92554397021797041
19,0.40840658497180288
6,0.84653819120036022
4,0.8740715446589219
23,1.2758729048583437
4,0.69587778742337403
22,2.0777154803483309
4,1.6647167530331217
16,1.0163607062779374
22,0.54270874281728898
24,0.94724641840600488
19,0.81880907761065502
20,1.2504183899480121
17,1.1527735419019196
6,1.1629072240447313
19,0.86430947129896918
22,0.48325063714759187
4,0.80562737297627807
17,0.67015656899935239
7,1.0417230922149734
10,0.64347026564316268
25,0.89255315841315985
6,0.88951858638150616
21,1.1784925123650267
24,0.90930931321496
2,1.0251791451542076
24,1.2195728560479631
16,0.93652632408665937
1,1.3429596349002644
16,0.90767985678912388
22,0.94944668180583403
7,0.85166273048591346
19,0.4759859409058762
6,0.95297430872556133
21,1.0869637998722546
16,0.5773276596844571
17,0.96500618616256051
24,1.1281950974094539
2,0.56097915287303679
24,0.9851076797461098
6,0.8815114293525016
20,0.80605606431817745
5,0.40248149902342883
10,1.172928082732152
21,1.0524463619328785
22,0.75247939789454188
5,0.66747955376101509
24,1.3835563357613325
4,0.67196662065380008
10,0.55107318778784609
1,0.52604258979339913
19,0.83369236786137269
4,0.5256978675946522
5,0.9662272793380382
10,1.3158192825064141
10,0.90052216073383817
24,1.361229390646409
20,0.46309490452456692
9,0.54506535384518351
5,0.66443818355320272
2,0.2043691460051795
20,1.1001254938625979
25,1.0355725780978955
17,0.99052105570177051
6,0.90672805720624183
21,0.98335640417716685
19,1.0426833680886283
24,0.56650068049141444
2,1.1549987323648392
7,0.75421102103908499
21,1.2162728530857769
25,0.8142891164568038
17,1.3874556819535091
10,0.90431433966154828
1,0.85431917068813912
9,0.63679293735949782
21,0.87197871078744438
24,0.71954127568512183
2,1.0013945847033316
20,0.83918505506520413
16,0.94687740286286104
19,1.2085636108309512
17,1.3125441275650755
20,0.91315503222557692
5,0.99464498848985217
6,1.3042069064681592
7,1.5216092784482642
25,0.81683564197912029
17,1.6058616030202049
19,0.81856585389364855
21,1.2676040768867614
22,0.7171870977360697
7,0.90445319142616976
2,0.96055686557470521
21,1.0521887227057158
21,1.411899344597316
21,0.71287876919284388
25,0.8439135380878654
16,0.6520422700675419
2,0.56369785659672011
9,0.49167858659389424
10,0.98029383890883803
10,0.55985342710252961
1,0.98147771961654184
21,0.93236118189616068
25,0.34523522106475701
2,0.79019143439192951
6,0.69925457000822888
20,0.78257473003910172
4,0.89764404812874765
7,0.75158493456685693
21,0.99224754687298566
21,0.2984571405769505
17,0.91881049285834882
6,0.78777154314081277
4,1.593310917158018
16,0.43856057747725807
19,0.94048954186130818
10,1.4443520428592107
1,0.61313145230303445
9,0.94863716912702811
19,0.96922312259217969
5,0.70823786283295564
7,1.2450001792107592
6,0.55834715243418431
5,1.2221003693188206
2,1.5400899900009224
1,1.3705989427480716
19,1.1510917655958697
2,0.47280177619341801
17,1.3517673364655092
21,1.0653815575970038
5,0.41201667117069113
17,0.79342932710189784
25,1.2252214609579475
6,0.60359493449321866
25,1.7272616517626169
10,0.72187181105255682
2,1.141715939613779
16,0.88626764259302915
24,0.62158846036637472
10,0.85449104349581351
16,0.5603692627825374
19,0.56332442771806202
19,0.43254363280059732
24,1.2215499016497922
2,0.82653076265864489
17,0.77663007538959261
19,1.1714719895587593
10,1.2163392697786912
4,0.62631225480068242
19,1.2361055589221694
25,0.77334271487052775
17,1.6940104532332965
5,0.79050621567993939
25,0.54272557126373755
4,0.94524528796697904
19,0.70369032118378871
6,0.66669586518704049
4,0.88901448008748818
20,1.4893063671457822
5,0.48368501366342254
4,0.93536222713113371
5,0.8322258021201876
4,0.77169718798558229
19,1.1117721381492141
6,0.43531774678208263
9,1.3389874954806478
25,0.57231363262875923
2,1.1648734782363463
25,0.57202222772861211
21,0.58203089059497226
24,0.79136541271326721
6,0.6332626885296686
1,0.7152600359095721
25,0.94320405027931464
9,0.76926045201993676
5,0.8968653509150194
17,0.63705472572537192
20,1.5764498824200757
6,1.0054808945540552
17,0.61590313492404258
25,1.046257854777388
10,0.43567953871902776
9,1.1251489771203085
24,0.64098793230740803
17,0.88593499679424281
16,0.84876589325905094
25,0.53680754072701298
7,0.68226071191271609
5,0.49227605878603065
19,0.61837072779741187
5,1.4385909940937172
4,0.63847616434284182
9,0.68580705812242126
1,0.95230584452645506
17,1.1813364043234893
21,0.74930938014555482
17,0.72668537881824069
5,0.76632508925115839
1,0.8044378424288029
2,0.99048234747416009
20,0.8167722896749362
15,1.8280826797638277
24,0.53338259582736081
1,0.77626789653299744
25,0.63682118710026614
1,1.8238602875563852
16,0.95605763500504559
24,0.91772285036901236
1,0.90248803324070082
16,1.186829140346801
7,0.59744798701759849
10,0.88549549283634543
21,0.79047648014463157
2,0.84947042693627417
10,0.86087791185351326
16,1.1134389411913954
24,1.277129948285527
21,0.99723444853284604
7,1.4074265300146642
22,0.80988069822213216
20,1.3005326039576592
2,1.1623491608024483
17,0.75165748084802808
5,0.78806089756904585
16,0.94280736780580798
19,0.7669212383945464
5,0.8982765794913149
16,0.8884505085182407
6,0.53566320597084871
10,0.78098369050048932
10,0.46588034051985755
10,1.0613941118341499
19,0.67906954078677684
21,0.75163856928788075
2,0.58666619335926962
9,0.8353631983126979
22,0.64075277348256299
2,1.4468472718242795
5,0.62308355967593576
16,0.605722685329805
4,0.45396497536761782
16,1.2024527659170732
22,1.0225390479743099
2,0.65726815653593107
17,0.70367550128297029
9,0.58364892390037526
24,0.95699215364485946
21,1.1194053202306065
22,0.55613273357348381
16,0.85325830671944292
16,0.37759294056654708
20,0.62318547298128069
1,0.72473170466346248
5,0.92751603228207535
19,0.93816309363045847
10,0.68011326485571544
22,0.94889817015366906
5,1.0582176233092977
24,0.62141784516483578
16,0.8776625661000822
9,0.78450237839398917
1,1.3870628234183295
4,0.82839572113056681
25,1.0781615838717513
24,0.76732676737829009
7,0.22314377585153675
17,1.0177437847572506
20,0.84672034685234598
19,0.5328657042382996
16,1.0712877977449806
10,0.78497265105608038
5,0.76635691148602914
21,1.6945837086886155
7,0.76037337843849018
17,1.011909421592867
22,1.0219964219233721
10,1.6092352991253407
19,1.1647071512967953
7,0.77620382334294513
4,0.74618030272185454
24,0.82989849505841762
5,0.63097414282144193
20,0.41941739596671973
25,0.30963681956298378
1,1.9525576453783489
20,0.45711447547854017
21,1.4858909892686898
24,0.83135790399540399
2,0.6345029107718887
20,2.0707871993451317
25,1.1698812197178738
25,0.81027987089955267
9,0.97813332187361857
7,0.75597294326303499
16,0.61871814000918224
5,0.75626831969344355
25,0.66188417458943782
7,0.86848901084369645
10,0.61559383540183521
6,0.60055606763100811
25,0.74191050311642137
6,0.51399248463676928
10,0.53819018573700939
1,0.45832797150691318
5,0.72951837828115906
2,1.0227097451672889
21,1.30775885524991
24,0.59601928439122809
7,0.89461923673754573
21,0.68623099612527727
1,0.60460086999793383
6,0.98663777351798476
5,0.70262317189846935
25,0.75997849415308172
21,1.3168907902636171
7,1.0300938058189302
17,0.80016297348722187
24,0.66534421724749371
10,0.53205707330134233
1,0.85763694681791991
19,0.94469394329253531
9,1.0919520189052458
16,0.43261071582325139
5,0.56461633722391424
16,1.348014329900378
24,0.95817095319894408
7,0.53877962297686322
4,1.0776217721982078
1,0.93952848610651318
22,0.63197272842974739
19,0.74667255135636945
9,0.70386456236782613
22,0.49932469472650604
2,1.1772724951111631
5,0.58816723168295615
9,1.8522958153917342
20,0.60169448402104264
25,0.70421257944989091
5,0.97238439888000761
6,0.80662209350997949
21,0.94710759851096338
24,0.39450781492159248
7,0.74070774852099164
6,0.47361887815725129
21,0.80747397082367611
7,1.1232470555579726
24,0.92951573016901023
9,0.63193517860898951
9,0.94310007139951957
16,0.51445707955076247
24,1.5557682945162694
5,0.94525305910329116
2,0.68746075294705244
10,0.56334194278925642
4,0.95455326213255098
22,1.3783332488801945
16,0.33149838202479531
21,0.89258489792986762
16,1.0007828070125173
7,1.139224384625936
4,0.78005765262340521
24,0.60412110410685338
9,0.57118262429557154
21,1.2923997088133456
4,0.8974452310938088
19,0.76723466787846051
19,1.0104304511636519
6,0.58719884479001383
21,0.9827537070363882
16,0.87464755263362892
25,1.2994854069542316
7,0.67243858419689839
17,0.94041561619930336
20,0.93163762695066243
5,0.89931162861981362
10,1.0060375532518948
2,1.457088002465516
2,1.0202063235785304
25,0.7969188731773158
16,0.87734862292387383
9,1.0495313130819586
21,0.58597311647303441
7,0.79473548555662576
4,0.62563962487605629
19,1.5122187150654132
9,1.0860950306054853
21,0.4805830713959991
10,0.89121734247697382
17,0.70173467245293542
7,0.46733916073591991
25,0.60997290151251848
25,0.50673683967287764
6,0.99152385387913922
16,0.60419183598923321
24,0.81178264438253556
19,0.54701107132831595
2,0.49657719107789128
25,1.4140498657519822
1,1.5306936793208221
1,0.83879634695118621
9,0.94470854961211104
20,1.0456014395636581
17,0.52228991394161972
1,0.54559535106556079
24,1.0858881095697941
16,1.1864944755825868
21,2.0987950344069732
21,0.79762386593104373
1,1.3957797249570831
2,0.31604499400870106
21,0.83827440873734183
7,0.57135389152872218
20,1.3682717432830149
21,0.93137646220470427
5,1.3538202498603704
4,1.253932654615622
24,1.6108178314005273
19,0.48384336108674608
21,1.2479248781772732
21,0.64573368788406138
24,1.2152726740927315
20,0.99806875609934975
2,1.4080894213974962
10,0.48837282228197837
17,0.89931417223816468
7,0.8812652785757995
6,1.0138548960621283
25,1.5822210385720377
21,0.96376220195978546
7,0.35994236829756554
19,1.447894133444098
24,0.94921949961728225
1,0.84743516283873876
10,0.39859845359633361
25,1.1551696558836204
2,0.62727158327701626
24,0.63034780658355438
2,0.65518978599957134
24,0.6022940843761494
25,0.42894251721521842
16,0.67940176552518461
6,1.6876724215957597
21,0.41730583478166555
4,0.95060908074613781
10,0.90834924091897862
2,0.58069455303528184
21,0.45702103547696399
4,1.2189526580312307
10,0.63979272400984044
10,1.0720816800448398
17,0.55563589567130911
21,0.81749540774447749
16,0.47753728496998565
22,1.025936784565785
20,0.87583527480769552
16,0.46806312016990753
4,1.5060137706895091
2,0.45743905852376415
21,0.78876359316635314
19,0.5824324618960437
7,0.89471304412574082
9,0.83026898149084671
25,1.2660826793130893
21,0.76597954945824243
4,0.74230918805557955
10,0.71511716828121152
10,0.93904359656935066
20,0.31351683366951011
22,0.71775827163758876
7,0.63147467995538098
17,1.2361430652080667
7,0.98263876751058121
7,0.65213548926216647
1,1.3231826855385298
4,0.89113269962949682
4,1.2458740557203045
16,1.0796220291222127
4,1.6368073830877785
7,0.68442841930969001
17,1.3636485353946299
22,0.68025513055005216
20,0.44146156958821936
22,0.37852278599427264
6,0.82948692869401563
5,1.1869679667738693
5,2.0230186535592702
19,1.2857788252976978
6,0.70149484745117019
9,0.88442084436038315
17,0.90688223259765288
24,1.9405722356253885
5,1.0820758286752186
20,0.33470579045990689
24,0.66906646714127482
1,1.2201986731546295
5,0.4626112235612953
10,1.5402390394321148
6,0.56502085189829043
22,1.2455644410000857
4,1.232856981118656
7,0.33239078079611367
24,0.72176909981776072
4,0.73485119590800274
5,0.3104542006634004
5,0.7896489342664379
9,0.38292457394708135
20,1.3009522189011746
1,0.77896604557967342
5,0.57341114521584879
20,1.0136746580174547
19,0.5424432095700511
16,0.41599114644945923
7,0.88275206386574467
10,1.1575147051228578
20,0.96442908340205491
19,1.2048243369073588
24,1.6671412668160064
5,0.88193150531691156
1,1.4407241454244331
7,1.4345280053516145
9,0.78296680940319552
19,1.5427783866809404
19,0.66761072489157891
10,1.0023236181552573
25,2.5814669220999646
24,0.92424885629978948
1,1.0180040440276785
20,0.89029670160504337
16,0.69992458346483644
16,0.96630630042551047
2,0.57275957586119175
6,0.69079550205822648
1,0.80274007885707199
17,1.2371227007407641
2,0.48281719869696788
10,1.5517240293122245
17,0.96058936737236889
22,0.82004238804307039
2,0.90212080650781956
20,0.61553774935502559
22,0.63479763185612514
9,0.76038163865621788
7,0.62568029838610972
19,0.43073106320358329
16,1.4805784698136089
1,0.45553460755003833
24,0.65426599180742262
16,0.33110710010023203
4,0.53781314066901953
25,0.6342595718459606
17,0.72701509939021036
2,0.87434499808533239
6,1.2091645529106494
25,1.4563085491661172
17,1.0705299843944223
4,1.0501573485935847
5,0.70340082940897097
10,0.88214888020148641
20,0.71468730661244539
21,0.40494538871283209
16,0.55330977498426859
4,0.77258139049299701
1,1.136866877807629
22,0.99972296385654091
24,0.89996607733800726
10,0.63381728073538934
25,0.86892654821589455
25,0.38902286292774757
7,0.72283779246159696
24,1.2941348848208987
4,0.66853211425066617
17,0.64870015182065421
5,0.88731464159633266
17,1.4618319276816962
10,0.83945030109142416
25,1.3899417467330151
9,0.44884928356382348
20,0.96380470232855098
7,0.9813110405054537
2,0.84618145070137862
2,0.882809322632506
10,0.61529227834153577
9,1.4573980301447751
17,1.7438351665056131
7,1.4111719670841674
19,0.8762186085605399
6,0.84361571039856098
20,1.4193192210770553
6,1.2934323968613182
10,0.52019259821043273
2,0.7627498801175312
16,0.57080660124242733
19,1.3301525576516924
17,0.97061034391354284
6,1.0677319160523129
19,1.3925451767118411
17,0.79505838146172381
10,0.96378366551041628
6,0.70158445694958993
7,0.73448763025323915
10,1.2080261359912035
20,1.3473027077024105
24,1.1068129110784901
16,1.2030083988528768
21,0.67863122459601943
17,1.1442045748213896
17,0.72320600723296014
19,1.0949786853173527
22,1.5914259175501126
5,1.2393720033139373
4,0.39136341638253369
6,0.49716779716439208
7,0.90266376756284539
21,0.94278664115481359
19,0.54841899933010585
20,1.64353353508668
19,0.55123893489680786
10,1.076265750069116
25,0.98662147178396742
17,0.64280253132589626
7,0.9645438558320556
5,1.2316564945220188
17,0.68414831297404544
24,0.6704783519455374
19,0.41463944812725828
16,1.1939179486860347
6,0.68571815340344544
21,0.44208746729049814
6,1.0280207829534502
19,0.75554442155775625
22,0.63659228540050272
22,1.0008535144630031
10,0.43749064593010967
22,1.310832421253854
19,0.61987208204161703
10,1.105784075721344
19,1.6922612154623728
22,1.302876560154886
7,1.4934735464958269
20,0.87699888595457476
22,0.68397352594116267
17,1.204371099487211
22,1.0229567404722892
9,1.2374448563535307
22,0.68917678113581227
2,0.55049964552447006
22,0.79186824449041571
1,1.3038818413578939
2,0.46764065946706918
6,0.9147617849735058
10,1.3762242452405751
5,1.1813390836634468
5,1.6441920815990902
16,0.27776689830766721
17,0.86984405427767542
19,0.65996973439627826
21,0.72605476140223901
17,1.0009476750611994
6,1.0258974373905676
5,1.0820776677114601
16,0.54956334574054644
2,0.78206313114182335
25,0.76504722019828542
4,0.72821194941581613
25,0.85978413080657801
1,0.79660098908490906
5,0.82566688113463593
5,1.07286736393569
17,0.50788444248566544
7,1.2254429416465531
25,0.82114081036038489
4,1.3314475937822197
7,0.64425258832541488
10,0.62174338184303857
5,1.2423375562287557
20,0.48464280965063489
4,0.99604271304691683
10,0.81029091847892509
9,0.82507391823105691
22,0.5586507214626617
2,0.6990886038937203
21,1.3399456413658111
17,0.82683623377311355
25,0.40349052598238244
16,0.69215956242313115
1,0.5081586023426522
25,0.90426904058532831
5,1.2312526950858762
4,0.49755895323887234
7,0.98465529548046016
21,1.0691203286044089
16,1.7128725648710137
19,0.96201950680881976
10,0.58459261840363319
20,0.50043751095495892
2,0.98444821762491541
7,1.0873853192436163
24,1.7064251836934328
9,1.4414363058742945
20,1.2545914672571745
21,0.60457348571676606
16,1.3503732717577235
25,0.71264251242940091
22,0.83353004430401167
22,0.56781483692848667
1,1.0003842063859554
5,0.94209762306275935
7,0.84964815767848256
9,0.67783157432700059
2,1.8426187267115612
22,0.36471709993676815
7,0.78308714241304944
17,0.54506432618895984
7,0.40547535172997129
25,0.89960374076394523
25,1.4323221371471979
5,1.2513834114016169
4,1.0031335055718842
22,1.5407103355981027
2,1.002410049562579
5,0.88620523353512726
20,1.000760347967695
22,1.4260830006997918
5,0.84615692695644107
2,0.70640267744082141
24,1.6562760344060929
7,0.66458041216556552
20,1.2543241915157362
1,0.43411374096126809
7,0.52021630088378867
2,0.96521541794312016
16,1.0351793415086219
5,0.4923119139611658
20,1.0563679600456655
17,1.1107231715853119
16,0.37119526733057628
1,0.58090886232097683
16,1.0750447819812134
16,0.42383195341976332
16,1.1281344061051597
20,0.24737221418962513
25,0.75125438039672554
20,1.2244955763962977
21,1.4158667244100485
5,1.7451029737232466
4,1.0754967786946619
19,0.45852596177580263
17,0.59981969763342802
21,0.8545977850711044
2,0.6127813018927627
2,1.5540406906387165
21,1.8613528875093595
16,0.43756771408855555
24,0.56171861712281645
25,0.76410760780966214
17,1.1454804250219939
1,1.1588106138619261
1,0.67280876562770631
21,0.78553855991233357
20,0.62655003680574928
10,0.967109678458977
24,1.2031157480874886
25,1.2799512816294316
21,0.41549665839310523
20,0.88490095790314738
5,1.2793775977301012
5,0.95601380281764803
20,0.64828472931913983
1,0.38674268541171775
10,1.2535172231859355
9,0.78362723663129852
25,0.57232260170495541
1,1.4088259164781709
22,0.89494464641078353
1,0.85113248327584012
19,0.92639688813373311
2,0.44152472161858225
24,0.88555442753735447
17,1.5186537522677062
4,0.83256465771879595
4,1.0526783448573405
17,0.99571394958118586
10,0.50941387678507077
10,0.71638665846607641
2,0.92686866376322485
7,1.0256133659358215
19,0.90319308920625252
22,1.1093047937580394
17,0.69377125763992509
19,0.98934610099051901
22,1.4454207087050674
4,0.76386702826015584
20,0.58775414774867474
2,1.3526754998932231
5,1.0529015888952209
24,0.4609726843576395
9,0.44190801011871084
16,1.0262593513521352
17,0.88206566083185312
2,0.78039755367668107
6,0.70072579955960135
2,0.81650943960469147
2,1.3606115633654503
2,0.50508151127630707
17,0.70702354380606891
10,1.3975764764964456
20,0.73866036087388531
7,1.0661030743360784
24,0.97372451877514921
5,1.0871001188538965
9,0.5607056295320425
7,0.84642752638686791
19,0.22481065932571287
5,0.93925589742093196
9,1.0972048106296313
21,1.2450124855814639
20,1.1880173376594043
6,1.0730145296823321
19,1.26376419130824
1,0.4713730150165385
10,0.26727897689724328
6,0.64129147158928002
25,1.3533070412905386
10,1.4481805054360513
9,0.66432649127731236
25,0.93888355743352414
19,1.0584829523193924
7,0.5897179123859787
5,0.65487204625478002
23,1.4644836972377488
5,0.20676781638041739
21,1.0345365453299347
20,1.4310245721562849
22,0.73726407622878742
6,0.27647627837674071
21,0.54093617535278904
5,0.6957785457374509
7,1.0993214890007819
24,0.84338981129582868
7,0.92837876584944234
20,0.96022355463868825
20,1.345385562314426
25,1.1141187223397619
1,0.93724965192471388
6,1.0458913788092077
21,0.63755032517455179
2,0.61490548226356834
19,1.3522932645396748
17,0.28058413616969063
16,0.89379059350623591
2,1.0190358417291261
9,0.9990012413848266
1,0.89491832479287259
24,0.90527238328909276
25,1.1275937040367152
1,1.0082239364860373
17,1.2255632004024815
17,0.47079011992216935
20,1.1417599514239056
6,0.97923109507662076
10,0.68489918554297757
2,1.01982533186049
21,0.72538583609211993
1,1.5408339533602251
19,0.9872056191374885
6,0.70219464092178407
22,0.87994125678424395
1,0.81545120964673989
25,0.58461988517004482
4,0.98557186994885215
4,0.59629948895860818
21,1.56622292015775
7,0.98975140867010758
6,1.1328364725954132
4,0.41230505074838003
24,0.48940056109423702
24,1.2452052683808765
17,1.3066487510677036
24,1.0061891515488133
20,0.88614854384271169
6,0.72291789486523672
5,0.75732444719516878
20,1.3995004207987845
17,0.60501756103439963
17,1.4466651297222419
21,1.1756728282277089
25,0.7683751746891001
17,1.1029286856155183
1,0.7821787711321847
16,0.62122633300267427
22,1.1211096372826326
4,1.1630001718962939
19,0.93727605507339651
4,1.0704848605770243
6,1.042179242344937
10,0.96855250869830134
6,1.4684736476353153
22,0.64450390476686448
6,1.0133836049179776
17,1.3093528795590719
21,0.68562045159064355
9,1.3660576995964195
6,1.0807104235893199
20,1.4443153943612164
5,0.83955005314678877
2,0.54041972975952079
4,0.79160326969254946
24,0.70484718134508828
4,1.2361820728414674
7,1.5018258537710516
2,0.45326195542480208
2,0.39136724373632603
7,0.78443749824475451
2,1.0394058257274408
10,0.46639315546983168
10,1.2359499947269437
24,1.6038553061338987
1,0.83816842728875973
2,1.0479713285504375
10,0.71343398776539524
7,0.74180781960899889
21,1.4683859832403383
24,0.65276407010265569
2,0.82568359182313666
24,0.9474298921037162
1,0.27596225362267202
25,0.8849334071964966
19,0.8116861500975856
25,1.0754039596043752
20,1.3959024979112196
17,0.40239421379463125
7,1.0437786709198744
21,1.3932039663152824
16,1.263569547586588
22,0.73394744838932169
5,1.0919633065739871
5,1.4468707204312219
5,0.7263529925995027
10,0.65402033629070055
25,0.83470383536376014
22,0.5336536967479163
22,0.95631511557193649
22,1.3876615670484294
5,0.88873704651530561
16,0.57079088643236675
17,0.37299300949678421
16,1.2674846313197066
1,1.1935908603874572
16,0.45995739062609553
4,1.5426927666863586
24,1.5065501518810003
9,0.30634616870624426
17,0.25099394165887379
4,0.83864047586036983
1,1.8032433712465814
9,1.139774409205649
9,0.35286271575924261
17,0.98766225166329746
16,1.0140856307681438
7,1.0418738547655035
24,0.64333964127624288
20,0.89086457779107331
9,0.69855262651812722
22,0.59188850851467534
19,0.97608361998042814
21,0.69377473192315919
21,0.97432223017272712
25,1.4174475209642494
7,0.93180712099839902
6,1.1469183878935627
5,0.69293855176043961
7,1.6482908199355664
5,0.84785621244974529
25,1.1225502914907135
9,1.0905216886607065
22,0.70131295779238334
21,0.94502090833472552
17,1.2474797605013499
25,1.2895638224139678
7,1.2196734170048136
22,1.3189114175475356
5,1.097216499587879
10,0.71149537196390567
22,0.66769002353483153
20,1.059327046029751
7,0.87383626721507068
22,0.70024322936787908
16,0.57431763634349076
17,0.68250536972044074
25,1.2365801998066321
10,0.77892260838365834
10,1.0179338868498025
9,0.698948772012008
20,0.47099716515272111
20,0.92652315166878407
9,0.92144666421363863
7,1.3494184315102167
24,1.1984700972244791
19,0.25543916157121721
22,1.2159004295368123
22,0.8508316340806118
6,0.61051379982217313
24,0.34549027039226871
19,0.58067058436017593
25,1.3308430634654034
24,0.42532313851420256
21,1.2225784025805122
21,0.56522355695876292
10,1.1795889079669595
25,1.2042326690669856
25,0.49235202888001217
25,0.59889193731755086
21,0.92905839868156193
9,0.95306826081659335
7,0.57411938639688609
7,0.70905177894063975
2,0.80650504930101652
21,1.1111984067720442
6,0.91353034931015287
16,0.61443576499697616
25,1.2954669653107747
20,0.84556581780531903
21,1.0585925709763317
17,0.55623769235992981
5,0.61644118145474314
9,0.65158616064200037
22,0.87354414270716041
17,0.46265385260856401
16,0.71561166014344335
19,1.3700965608403
1,1.1462652066019317
5,0.74803509080643094
9,0.63700442212229869
24,0.74161683864688854
21,1.0092793125005333
17,0.70887751211189087
2,0.27352016904278792
9,0.37442379007282828
24,0.55009174330183608
2,0.55925549188931867
7,0.7347855594581657
17,1.482325859875615
4,0.73750064787159675
22,1.2551870580673292
19,0.90132842166248028
5,0.46664199548933188
4,0.89594147342555275
4,1.8068358068729131
21,0.68477820277791657
19,0.89117832878557934
22,1.102769757470955
17,0.93512115671025842
9,0.53596925426543562
10,0.76937902537810932
6,1.4972693145476339
6,0.70273767061987158
6,1.1167497334582508
20,1.4451237378380459
4,0.75085726299590538
22,0.75291698870715462
21,1.3478883023375896
1,0.54337321445200293
6,1.0266816911241772
17,0.57614719881148369
22,0.78375410238893206
20,1.0020309769218179
5,0.070975095212551936
7,1.2047150602089722
6,0.6688105826335351
6,0.79403028949332544
24,0.65187243186595811
1,0.42408473161790233
1,1.1136964545109354
24,1.4014248776882827
16,0.64899798797388852
20,1.3072270562955153
1,0.85949895622650752
16,0.32902852132803578
6,1.3885295385225793
25,0.73640238378218392
22,0.78207012125171249
25,0.66159041455426215
6,0.72801842861723831
21,1.013418889550781
16,0.89113030357503276
5,0.58613113237361225
6,1.0464468894222347
2,0.79530133320512564
9,0.60925740967002395
16,0.81662454021264741
16,1.0214589921110211
20,1.0663161220755353
7,1.5749440918707014
25,1.485215311083524
22,0.58236787243258603
5,1.2495858175402619
10,0.89089654081595349
4,0.88928263610423264
7,1.0066875277564971
4,0.8513492129263589
17,0.70535348132298192
9,0.53244710733518397
5,0.43211168557520169
5,1.1970734640080201
10,0.74149706227002155
7,0.87230894632319678
6,0.6803931372004558
19,1.039644008004408
21,0.34020393352086664
24,0.9539335467452108
25,1.1340534118549022
20,1.0803332270426209
21,0.52070959480447965
20,0.17562503213719541
17,0.7544113346629151
25,0.24203632389129792
19,0.99062340071240151
24,0.66983991009352306
25,0.79343193628217823
1,0.99867620190480699
10,1.5432691559787617
23,1.2094402326233158
24,0.97174957097901948
1,0.9516292062527496
25,0.93156420072229973
4,0.98644351190632729
17,0.92234651564855175
5,0.4583292977026201
2,0.39097589190066717
2,1.0966523549526426
24,1.0111595432225329
25,0.62993109695898308
17,0.73409364088470597
7,0.79817585614697961
21,0.8030212932380798
6,1.0461102164715044
24,0.51772233526500311
6,0.82182012800681603
17,0.76649767590863382
25,0.61203773139418183
24,1.2024975368903916
7,1.2315720870493265
4,0.31935653644056294
24,0.70991517106709723
22,0.89328326491624033
9,0.46077451757490062
22,0.74411291092126641
7,1.2579809857844211
10,0.62296224920323828
16,1.2312728898512604
2,0.55612679573061929
4,0.65139919022433712
6,1.1272389302363655
10,0.70364035177812412
21,1.0661661501979995
9,0.74214346472553072
16,0.88124605480410034
19,0.57162516481409342
5,0.98999163576733307
7,0.68265164852156746
19,0.71445824486745324
17,1.1909066365953271
7,0.98590620000761275
9,0.85711316966934892
5,0.72499766649928499
17,0.92155386331092537
1,0.64551910390650458
10,1.3032807011045131
6,0.83321941058718318
2,0.4372943536828483
9,0.78153003147632327
25,1.3906023386454345
5,1.3593994576756723
5,1.1095763536155532
24,0.8832233192250134
9,0.78946384456280172
19,0.67181879664416999
7,1.4437750327075309
1,0.3189836466178872
2,0.55609570191848945
7,0.53075810726538764
6,0.59696787235290416
17,0.99378225764329575
19,0.94904785467511354
24,1.213276431414545
1,0.86875332632327673
9,1.3680947696148327
7,1.0053800550320595
20,1.0014130110033399
25,1.1700974231873482
22,0.42265800459522418
5,0.77654568631146326
25,0.88279030780202705
24,1.1242071052244917
20,0.71634421364704104
4,0.77681314552407466
17,1.2800134037530109
2,0.61771839776408921
1,0.36682610484598616
21,2.5406217826014741
6,0.81030523293845702
19,0.82897907466683707
6,1.3670345929503775
5,0.67212393354208122
1,1.4693235771521964
4,1.0364697075253759
20,0.77766749612046115
9,0.79433787687293678
25,1.0691486611533831
4,1.0188042328595519
25,0.98575930814801438
19,0.69155803577663033
9,0.87223899150275919
1,1.3510327173452001
24,0.84488646655722288
6,1.4567755051824791
7,0.69853909228432021
5,0.45620192244012431
5,0.89765391336452016
7,0.49783240374050952
16,0.76059500994281304
16,1.2354390350336661
25,0.18629708832073574
20,0.62674152558758878
21,0.87809960779905594
2,0.68086949782803141
19,1.579275820587662
17,1.2018797190794408
4,0.90123364263504369
21,0.58233762547594858
9,0.5387486574065764
4,1.1281538909204807
9,0.54443650278264777
5,0.98154507941430158
19,0.96653813889923668
21,0.9505721816668572
16,0.61258383923897697
24,0.40210568097889526
24,1.2031174346352194
10,0.96383199741375103
20,1.0890063715301406
24,0.65963006857991913
19,0.60908918441281612
10,0.75808838850844795
19,0.92718346999389933
16,0.74521379190000514
21,1.2677299012174428
21,1.3405981394920155
19,0.88280026228294606
20,0.68775302894197188
17,1.3483303744583879
25,0.3602446894914979
2,0.77578355693873013
17,0.84528974091455311
22,0.57832788006310343
17,1.0819698101555502
24,0.41416781355136345
2,0.86112452848262078
7,1.0651461658136978
6,1.3529401118187405
17,0.87976625251331142
4,1.4161451838161483
21,0.58512008964291828
25,0.81152431286323967
19,1.3973177461265167
2,0.98712501777134509
4,1.8387105914711461
6,1.1361750786079396
5,1.1388250596717397
19,0.72741014391742376
22,1.1749772290654559
1,0.75291672473026383
5,0.52637568485924691
19,0.59584881639562359
20,1.2341496655719293
25,1.5857836895083346
24,0.92515965959642177
24,0.80121707570004019
7,0.95351812053137019
24,0.81234229348098685
19,1.0730767165059811
20,0.75499100912003647
21,1.0732857828675388
17,0.82513994668059354
6,0.75469183596829059
16,0.20559464090683008
16,0.99572974800167369
17,0.56282250283160939
1,0.64316968661144147
5,0.72991948723054656
9,1.5006101565926973
9,0.45995188230656642
1,0.58906463781438589
4,0.69008187788785436
20,0.55386747347599297
5,0.60520385583677816
19,1.3853614430129433
22,1.0500629024347228
25,0.82939803466421325
7,1.507991881566767
24,1.4942344557381693
16,0.8060508540323974
4,0.49208763680373713
19,1.4150232634434576
25,1.0837705698529692
2,0.59228483281587674
2,0.80465003935693857
20,0.7111987057503486
1,0.59106345293640561
16,1.4439494928349537
24,1.1578113335132603
24,0.75951114716569257
10,0.39680218396626094
9,1.1035422948652265
17,0.63608801872567522
2,0.56499453867086713
24,1.4423661068602533
21,1.2463384841015051
25,0.93660433894668527
24,0.81456972379366799
4,0.49101518785044501
22,1.3072188078208262
16,0.55058531301318692
16,1.8780512633306616
5,0.62872539737774891
17,0.37141915457034724
5,1.4419730422278307
10,0.52775616290814764
10,0.94733798399667402
24,1.2620724838261441
19,0.89000202005827467
2,1.4899080383398215
9,1.0618277798292868
16,1.2394168546232889
25,0.58743415035013236
7,1.3939470816856194
9,0.72631628020853933
10,0.41774721600595538
17,1.1110905404478906
16,0.6304696466625328
6,0.58892492795520313
1,0.71189179232918576
6,0.60635135459098211
10,0.7373146705170236
19,0.38700189133756691
7,1.4319914644280034
16,1.6495157942498173
5,0.91763694766893222
2,0.87139060056412321
2,1.047977481526206
22,0.73305945556470564
5,0.22733897588852006
1,0.36263253557593228
22,1.0484855417468459
25,0.76070559595928477
7,0.85988067879457541
20,0.56893400328888166
7,0.66791044084597462
21,0.53545753052642764
20,0.30897954679834777
4,0.69111952613032324
25,0.71564673627131958
1,0.30710774049295791
20,1.6042247359153039
25,0.8847445566335278
16,1.0551619854413881
19,0.44492576346138613
5,0.72654733022959461
6,1.4587027844257034
5,1.3475902370179367
2,1.5581374511218484
20,0.2703805269366098
2,0.49642108323988637
2,1.3127667321397389
6,0.32932190771568809
21,0.76814260808369672
9,0.60520183373994296
9,1.0177400776774372
7,1.6307996529528677
19,0.4189709085922893
21,0.85771768741802468
19,1.1959698447822877
21,0.54548521418945872
16,1.1629491235800413
24,0.99152020165016674
5,0.65137387169892158
1,0.68857441023435184
20,0.49960213000093129
22,0.39906208145448985
2,0.51539796736616494
20,0.4955698859436134
7,1.0911551333413694
25,0.76567205332903232
19,0.8796457742395275
2,1.0094810299250863
1,1.0971328043686752
9,1.1399702644523972
21,0.41084402933345343
7,0.66359067265822069
20,0.13426867664118533
19,0.63265839217889763
1,0.53116678289631847
19,0.93923407401982117
6,0.82676315859271843
20,1.187394531154488
19,0.70941485259719517
21,0.40826722515178887
9,0.51029811074004428
19,0.88254518297879114
24,1.3017915225255841
9,0.93953058187996108
2,0.96891096742102478
6,1.4849143183302229
6,1.1424064597379042
1,0.30691370955977887
22,0.960208136197227
9,0.47558938131146383
2,1.0410343941404647
7,1.0356990160440769
24,1.3130458115207595
10,0.54265672517609664
25,1.1286792950889735
5,0.53936992316608057
25,0.68153412584323092
6,0.66804958476775012
7,0.7413027140530547
24,1.0287619954505256
9,1.4229684058361738
6,1.1535083856334629
5,0.59729578192849975
7,0.72984772458639779
1,1.0186862838788533
7,0.75773629640189721
6,0.24050042305406177
10,0.24858663061632258
20,1.1646729999436596
17,0.68838056190817909
19,0.50666307013171819
20,1.1529019568034247
17,1.0112408548138432
19,0.54292097090415681
17,0.80772926270216772
6,0.52445424461745116
24,1.0594422314702605
4,1.4400272503432883
5,0.91529282581006699
4,0.96360138593373001
25,0.69326549590846509
24,0.30750683925242489
10,0.63440637043807191
6,0.31322794273364746
25,0.73449227777813164
2,1.1692688846054002
21,0.79353513685728228
4,0.66314359320875704
16,0.68355720317325841
1,0.89643985551500571
9,0.73223153078980496
6,0.64452364640810211
20,0.60103661889514537
4,0.68206676255607512
2,0.49411728167815072
9,0.65765440928962593
7,0.5422496609892784
20,0.94843287590378456
19,1.28922592214472
1,0.9246767067471382
16,0.58663428152179353
25,0.81855946524174039
16,0.65666871364212642
6,0.74294931777918871
4,0.86192063762258386
7,0.85799268025131903
17,1.7631052294381391
4,0.80576180060592195
21,0.42792890942814488
10,0.80714372392382694
25,1.1840642459882156
7,1.5975395154339642
1,0.80722150177454655
24,1.6076438657478513
5,1.0188267988526478
9,0.76352873178026059
21,1.0025326480125472
24,0.60063621423563063
2,0.80878977709749589
7,0.39455160494277502
24,0.57629926413805188
17,0.36359355174609642
20,0.92094081964026542
25,0.94819907613361309
9,0.89678452089960858
9,1.0840812005724256
16,0.75074019884465804
22,1.0370159833504806
5,0.58340235906982274
9,0.79661863834869673
5,0.83054587884630893
5,1.4105171647067634
10,0.69603512339725226
20,0.5753294610180254
22,0.4296590660439335
5,0.98014670759618827
7,1.2745009118517889
7,1.2472461055645294
10,0.57320248332381085
9,0.70535181481025544
7,0.37559199682184835
2,1.6585605018790994
17,1.0610512302547632
22,0.41563479544572318
7,0.8567260685627921
6,0.84280111869109575
21,0.83121259377864221
7,0.66159067522416459
7,0.97532261863107028
20,1.0232684382037311
21,0.31816441118153221
16,0.53052306956631412
6,1.0161358874604589
22,1.1945211061838896
20,0.4322542645124946
2,0.35494011746078991
20,1.070241763539834
6,1.3449555928865713
24,1.3918403723164621
4,0.62726243060150721
5,0.99952147067893526
19,1.2581297417626478
9,0.68826972611376291
22,0.57847854187988101
17,1.581590948545619
5,0.85587138794285966
22,0.62998250085554575
25,1.1249134791193725
5,0.93974358417699355
20,1.2539105848511301
4,1.1452794089314633
5,1.4176114597296297
5,0.60507565387125806
16,1.3743954597900701
25,0.74164111114246201
22,0.49616709148247806
6,0.25903962842999129
25,0.96754102728156188
24,1.0150218405399507
19,1.0417996447091251
4,0.69751489801557176
1,0.96036105433593388
1,0.60584077322030239
2,0.91212936470090256
10,0.65114007849716449
25,1.2335906062461772
24,0.90764893611021491
7,1.1593703611274482
21,0.89705564180079134
6,1.8899614057021958
10,1.6403401111377762
5,0.88075231536318555
4,0.99798480476481677
19,1.0500761718139473
16,0.99705033438732149
24,0.57465203792027875
25,1.2280114943857534
16,1.12561230318618
22,1.0270130459974465
25,0.98529449768960697
17,0.64719768570484992
16,0.65122133775148294
19,0.64366635011356943
22,1.0858646007198884
9,0.50316789890602365
16,0.97156715569626306
6,0.73768609880647629
10,0.65856426314142036
25,0.7112701843167929
21,1.7065783235797805
5,0.44630937907599999
22,1.1772781340295397
20,0.68451587305035599
1,0.70052648660869532
9,1.4370803936960219
6,0.87150353038815298
9,0.77009160292692369
19,1.2233894710712099
7,0.27110027637536527
1,0.34338114400956393
4,1.312321220434425
6,0.91294517703202815
1,0.30874047945839539
24,0.46520323773298833
10,1.6729421080360123
10,1.0515148649828949
17,0.85304366043880764
7,0.52731962955763767
19,0.74123287630214318
10,0.73290365228143561
19,0.72229295350942113
24,1.3002716186068548
19,0.87613863739241893
6,0.97426668110832693
4,0.68450035427259759
7,0.61678131083618926
22,0.59685786050067202
21,1.1196724100820179
1,0.73538313600540572
10,0.88820428370255256
21,1.1211860660600592
25,0.69895764506808999
1,1.0074474389809231
9,0.56006579639498011
17,0.77578089652047477
7,0.84864738602902701
25,0.72369993275203381
24,0.32903327790123615
24,0.61823853013332553
6,0.84576272325227309
1,1.1760082225977151
9,0.48298334048532143
16,0.74774824513282656
21,0.69303126110274715
21,0.71691265457741926
9,0.73263274311263205
7,1.2760710071743175
19,0.64122068216656503
25,0.67175199335786595
16,0.48588100278851798
21,1.0812647016548598
7,1.6921231138221373
24,0.93570494715799346
17,0.54285330905576845
25,0.69698500189041257
25,1.0540966874604227
1,1.0123893374648609
4,0.89901908355586602
2,0.43151065451069454
4,0.80214367613269832
16,0.23311846098502736
1,0.65659088322080106
22,1.3769922524712264
2,0.97239427368418885
6,0.59001545241137432
5,0.5492162882558469
17,1.6035017046682314
21,0.74401678762976364
17,1.6273471088332128
9,0.16208622093424652
25,0.96867443192982194
4,0.81558604647865696
24,0.6535487327745032
20,1.1434699689743131
17,1.2795133818335584
7,0.94427742709273688
17,0.58340921940294488
20,0.67037204814421703
19,1.2061986604272599
16,0.39455883166140626
7,0.59698882707305401
5,1.2254307782885971
24,0.51255233482962026
20,0.39726796355165406
5,0.86933553672539587
25,0.84365084940096002
20,0.92552631048674561
20,0.61457963392317527
21,0.56625507384677731
9,0.60120311463786469
22,0.99372233868121895
16,1.6119331376843677
16,1.3152766360164025
16,1.1951665354508745
5,1.2621003965410416
4,0.62086974031280473
2,0.45269883219470136
5,1.0699747353887814
21,1.2600093573403328
9,0.7058618822126741
5,0.68226067980125904
1,0.94427790561493741
24,1.2817819145939433
24,0.32417077460075833
10,1.0789150287402589
4,1.3782985953803646
4,0.68246098517762799
1,1.039951335369653
24,0.57858058751012675
5,0.6167454626263642
6,0.53917035813549297
24,0.9624434719298598
21,0.98555978214743101
1,1.8977092255552284
16,0.7773147103311685
25,0.68644707966599727
21,1.0097017637950676
4,1.2389368801677496
25,1.1461853687589012
1,0.78983959995624675
4,1.2456426771753379
16,0.21810305430967944
16,1.0909764490157994
19,0.78948298202940703
21,0.29873546224707254
10,0.31836961858665175
17,1.1939133843348249
25,0.84044999898325179
2,0.63194795311039043
10,0.97220639224707306
19,0.45939530163509035
6,0.70821705370037402
25,0.72963088111290275
22,0.92162595092131128
1,0.77734742418968172
1,0.90035522003461754
2,1.3591890642306359
2,0.65694617600181382
20,1.0647515863824946
2,1.5957466575655022
22,1.050716685050439
17,0.54339322741845797
24,0.91479758214042073
6,0.76008253132904491
16,1.3391671947494648
19,0.36222645280016358
17,0.96788272577703249
6,0.87912131082383793
20,0.9999017716731633
9,1.0605070754721186
16,0.58856466931105578
21,0.67847872365222717
24,0.72007370858926578
16,1.5456841838368562
20,0.82407113006635968
17,0.7258764473641125
4,0.38349714993927242
4,0.42897732895028978
22,1.2120586822314923
2,0.62694496392499988
4,0.79468493009049568
19,1.1182536739922222
22,0.7753108759913413
2,0.37531907193915842
25,0.65045444880052949
17,0.62853436969696852
10,1.2595947029118801
7,1.1016155944606938
6,1.0428037636513987
25,0.43198673373363267
9,0.70332269115914736
10,1.0331045847201183
7,0.62002913816257232
10,0.74537029756879769
4,0.66464253402776741
1,0.82643747629879605
4,0.5675443398208897
4,0.81192803447872575
6,0.72777239354137602
2,0.95630563322502737
10,0.47866911423150427
17,0.72761946561476998
4,1.5909901587657784
5,1.4131663311058782
10,1.3182919334941485
21,1.2666924748121757
9,0.95196400617014276
21,1.1273344985736091
21,0.77634324575750924
2,0.62939726927859241
25,0.20888522059360293
19,0.61003439850697305
10,0.85679410859283156
4,0.85688188625459982
19,1.1994050529086926
24,0.36593123375441189
16,1.1790579521519835
10,0.67326569560840832
6,1.2361663419161426
16,0.92702490831743334
25,0.78662399106263925
16,0.62886401201654207
9,0.81803665776243051
7,0.61811269707171423
21,0.4616239042980404
21,0.78321401602322138
20,0.59604922687701267
5,0.56254078374878613
5,0.50604434955971378
22,1.022540919119078
20,1.0344656943369459
24,0.94236778942503396
17,1.2999914284595537
1,1.3929609484172221
6,1.3121996965903846
2,1.1990406916790715
17,0.74345902357059257
7,0.70645942397666917
9,1.1868056364635384
1,1.4528935176669899
10,0.64630100150245484
9,1.2858915582205852
19,1.6289030719464654
16,0.60519531965929596
9,0.37332110006926272
19,0.66013785349943499
16,0.90491508112518149
2,1.2572852084225079
2,1.4473812768592225
19,0.67991675710222754
7,1.048332216534924
10,1.1200267315868371
7,1.2843954527580317
17,1.3489783710477024
5,1.4351723556564167
2,1.524286515823075
9,0.52565618025564587
5,0.87549207512772798
6,0.7134961049728693
19,0.84861622863095099
25,0.49066889930076818
10,0.95478992941439322
19,0.89446396122469107
24,1.385143324327337
17,0.68299190829903655
5,1.0010592676589603
24,0.88872559657993078
19,1.0555414152996818
2,1.2334754973410555
16,0.77381784357206618
9,1.2953268858026097
10,1.1943316440963168
24,0.64944775083976392
20,0.64710527847900379
19,0.30718368439919191
16,0.6651905189481615
10,0.73265491781661241
7,1.0447998209543008
20,0.69469425149760822
9,1.0033037972678014
24,1.0626536969073566
24,0.51891373742373126
16,1.5466500146664102
21,1.0301721237534354
24,0.64004928125176586
7,1.7871222678153784
16,0.41574688331167303
5,1.0618544732238786
24,0.6922664166127972
17,1.0209886711852294
9,0.24845117273581277
2,0.71990349395583009
1,1.013835816360056
25,0.99505843723140897
9,0.46050071164122014
6,1.0163420916032968
4,0.85046484685359547
5,1.5730557580028555
22,0.71629222965733352
21,0.43134052709412812
21,0.85315404742432555
20,0.63543576611826802
10,1.4841790917095479
9,1.1079330254536344
9,0.92972884348871732
21,0.65256890517410759
6,2.5440930610970804
25,1.881868843945421
5,0.89134836414046503
7,0.60614723923395963
5,0.99967940957414103
1,0.71157975987257494
21,0.56134917528417938
5,1.1032462968290386
19,0.97573329473955184
1,1.0179673368682249
17,0.45349630541784619
2,1.1971427336130378
21,0.69082884729573457
20,1.1669580645299416
4,0.7053238283435499
20,0.77655273864456253
1,0.84089217103540359
6,0.31821833632110663
4,1.1492893922119365
17,0.71498893229926863
21,0.80779406057571967
7,0.84031503291666898
17,0.6677710203052456
17,1.017122615641274
7,1.9708292860610157
20,0.66823880934725111
24,0.8986718483420133
20,1.0300800456906358
1,1.3217885903571678
7,1.5439158554184562
7,0.45543848036186602
2,0.69104097664848274
17,0.81724636754446289
22,1.1735860801949902
5,1.17986606435597
9,0.7131883959120594
7,1.0282158512824602
20,0.22187947422072912
5,0.93285389180063982
1,0.97630161229159351
24,1.3062265269934972
22,1.1429281941401042
24,0.61469160692256608
25,0.96657020079687772
21,0.82114833730208292
16,0.84253332416781768
16,0.64299014193183823
19,1.1608532666459208
25,0.41569392877528899
4,1.0494440157047495
2,0.28265420723117585
9,0.93234124089629755
7,1.0243161336702962
20,0.55519346280748905
22,0.49029031125942801
16,0.63715157788125643
7,0.85566867161677762
24,1.3077205185931895
17,0.79177230337931037
2,1.2170369572393867
9,1.0084805748242327
6,1.2198241619870223
20,0.24663909881225957
20,1.32711732783075
25,0.79691939448078097
9,1.2978621292487444
7,0.59455061900589046
25,0.50573087843662923
10,1.2564809485238377
2,1.1070114516398348
2,0.94664359595567837
25,1.142113066208279
24,0.36230799383201812
24,1.0108039690601431
6,0.60833428257217526
19,0.41234678094199023
25,0.55236195157195045
17,1.3113180471688728
17,0.46497462619804292
6,0.740318731898858
9,0.57367075330688244
17,0.80634984566626122
6,1.1974085854975385
2,0.59703547140185598
22,0.96930359674032596
25,1.1427122935334955
6,1.8835783766479073
5,0.99216243607611299
16,1.241710779577877
24,0.55345993930922965
5,0.55444744290414349
19,0.63761558689123676
22,0.53166351047480909
24,0.874686404153176
24,1.1850681071143059
10,0.60276670441614166
20,0.29057323282854658
5,1.2733277266983221
24,1.2801188386318281
24,1.006185065106433
1,1.7896358646690791
7,0.50499459664825697
4,0.67779969999804557
21,0.41000790197325693
21,0.73935034885938622
22,0.51195506172614369
6,0.57268564621715923
19,1.053844427039982
2,1.8228668272462636
24,1.3003989429064364
2,0.70225153118047712
20,0.584257560556803
25,0.66005213019903364
20,0.99515210996277281
4,0.62301719296483782
1,0.54854722686583379
20,0.48788807527112693
24,0.64724142161192821
2,1.6054416089985233
24,0.58938030582635537
19,1.1277248118120098
16,1.5261861519544708
10,1.3719416691742476
6,1.0018604882310547
6,0.76586889632427935
1,1.1593620463350363
20,0.63254370057838105
17,1.1891120730013183
9,0.93156999356326464
25,0.28259190049514421
5,0.5836102951295884
5,0.6543072497647674
19,0.8061156982298896
1,1.0860841028357453
24,0.53163288180196699
25,0.38287046083217752
25,0.47406181678763643
5,1.0930159316803463
6,2.0903084076366518
20,1.4623512649242683
20,1.1570447220920483
2,1.017095918327023
21,0.89793229727638657
4,0.71537922400608445
25,1.0523645030652087
7,0.7805560612424014
21,0.98769420593327351
6,1.2702699092541534
20,0.86156949742297195
4,1.4327947031494388
19,0.58759221777331727
5,1.3627555343537512
19,0.9305930583078531
7,0.54248135309864498
25,0.56285745103234741
21,0.73544043651297131
20,0.7907555973978595
16,0.6870856146321801
25,0.61331166601149933
2,0.3415289679657954
7,1.4688830040896397
25,0.64552029979804759
19,1.128179225326245
10,1.2257994099530902
17,1.1766368740333926
19,0.82385874818931526
9,1.0340657176004588
25,0.26227766035772815
4,0.96562172321354423
16,0.7772524978237465
5,0.91879530984697966
5,0.573304186914119
21,0.74557338147451035
19,0.79466192997187834
5,0.57278033192010158
9,0.90817106774671541
7,1.495319394509351
24,0.82388606690921151
24,0.51201089383926668
16,0.61495350150138295
9,0.74363231630382087
19,0.41384971671579046
6,1.2071146092368279
21,0.40694420252838398
19,0.74191749619054337
16,0.57332245231033185
1,1.2038362409494903
17,0.71508919398600757
10,1.1422024397890893
7,0.71731932428589906
5,1.2060124229852403
1,0.92233636965328369
21,0.70318656414438141
17,0.9062050307025874
1,0.86437111195591909
17,1.1331982513930647
24,1.0236836632079029
9,0.48963774611673716
16,0.73836139745253659
6,1.0018125492412477
5,0.81612489033639013
1,1.0079011404761193
21,0.71455957052963759
20,0.95248990406570355
22,0.75740566596303383
5,1.1782885308300353
2,0.22354477523619087
4,0.90290508176282414
16,0.86018187239661847
6,1.0950981475468911
4,0.75791141542777118
24,0.69937869645242923
2,0.45623534842808855
6,0.48244102840608727
9,0.81451542994979398
22,1.3009543526195808
9,1.1849954258642281
9,1.26996139793216
21,1.3443330613790228
17,0.70279153815996953
9,0.19520397640863496
5,0.91328746529826477
20,1.1855572241390735
16,0.63387621617256185
4,0.49807779051991774
20,0.91779145985475052
9,0.6741173998388249
5,0.97305878312653893
20,0.92698773432199144
25,0.72898558976956596
24,1.0139448740278221
17,0.40267182596215234
10,0.98825968490073124
1,1.3357514859972208
7,0.38419356968780577
19,1.2167273025754137
22,1.0422296930879882
25,1.4031204890714184
20,0.28707594601861303
24,0.26046679406895151
24,0.59469036871166236
7,1.2173088565657131
10,0.99629584274054073
21,0.74225131508072872
24,0.54844281776234627
16,0.86054439355970458
9,1.875633994765278
5,0.57138242985307874
6,1.7488628569460711
21,0.72536830109570483
19,0.53230589414084739
1,1.4602160430499695
19,1.1996381773526774
24,0.7193432461180046
5,0.74941258503556862
4,1.2835463553797821
7,1.1830396643051282
1,0.49838854349342787
1,1.4601563674306659
5,0.94661698019324281
16,0.37755620497900261
21,0.55836956095396406
16,0.88135816585101767
19,1.1115341437410917
16,1.4220455734097157
4,1.0168369132222002
22,0.49759265221632748
4,1.5883544600707706
10,0.79918684589747113
1,0.35073068983016537
16,0.74247035210814583
2,1.0221263064373833
24,0.7795420689893896
25,0.92260166443195124
25,0.82537197896582815
7,1.3900696289587189
7,1.0704768204006139
20,1.5853432576705282
2,0.73160760981709039
24,1.1549004733017636
1,0.48950246617569249
24,0.38917714725634156
2,0.50275143803612476
24,0.77457888410699416
5,1.2133799419768132
17,0.49587711478738494
5,0.59588958363032607
5,1.1077378473120751
12,1.5655589167055972
21,0.55257554141099241
4,1.3200300034493182
9,0.71243119541427113
7,0.8671022026143389
21,1.166689776966191
10,0.6589885267603891
21,0.5965455378344322
24,0.63160333933914437
2,1.1677728766767557
20,1.0846271311960918
7,0.6282713041943836
16,1.1048668608808123
22,2.2431480684542171
22,0.94208024310913951
2,0.51639684171044342
9,1.2498073352511903
7,0.29316297495515625
19,0.52738105826461856
5,0.84378507618915022
1,1.0148580481144118
21,0.60720958077923481
9,0.77538805702803626
6,0.56667433368463005
4,0.77074609350094658
24,0.69037612456842778
2,0.76393301534390801
5,0.90398811287674341
10,0.64638390317719352
4,0.99812830160160726
16,0.84955558801454856
20,1.037196907294565
25,1.2723384158845803
24,1.2796618604666645
21,0.86756456063189424
2,0.81428942688314998
6,0.62334653179057786
1,0.5052116961539399
19,1.1712609315260192
7,0.75651435229247055
7,1.615401761151801
20,0.74131258174008707
2,0.42299257527011824
16,0.973791445391604
24,0.97471856668654433
20,1.0702290753391774
20,0.90827116524330964
7,1.6194468448843455
21,0.90825000978031678
16,1.4340848939665789
2,1.3034765585487949
21,1.0943293576087894
5,1.375375198114372
1,0.87445150078248091
2,1.387545210896258
5,1.2183012889395788
2,0.58425508255251102
5,0.55087598420766104
10,0.85615078947041279
10,0.63158823682084853
20,0.62201857862365251
2,0.58033432283829067
22,1.32305020792877
25,1.6436634056429829
25,0.7403660646179584
21,1.5560356556321058
5,1.0731732239597658
21,0.96324189492318124
16,0.46169007351528507
2,1.2382993924333878
2,1.5275687932605344
9,2.158875560793398
22,0.91171642852203383
4,0.51875791891423861
16,1.2626546619577435
6,0.62979762764410196
5,0.86174373768562473
20,0.67006558830644025
7,1.1373091093493586
10,1.3798538583575168
17,0.41149481457474363
19,0.58124651670695637
5,1.1625036320849444
17,1.8898221683754077
21,0.97934160394975833
24,1.0761304659036193
20,1.6859021230682416
19,0.50861738780765864
24,0.66189148858612668
22,1.0601977289466589
1,0.71404555511907897
5,0.56931782230725514
20,0.93990243547789543
16,0.73917576955274267
1,0.71853004144842259
19,0.93399549619590727
22,0.67377822150128341
22,0.77069427155131009
21,0.36785422700381809
4,0.70289917044374151
2,0.99229803149908735
22,0.5264861647197363
7,0.6541492814303429
5,0.63193395446334444
16,0.72146686157700035
24,1.5397611516524758
10,1.3207957756176851
21,1.2874308314238632
21,1.4626047127468298
17,0.5562448606053525
7,1.1996934386609397
25,1.4669741128937652
21,1.0019123588006857
21,1.0339482323917137
17,0.48533908520806124
24,0.79722581563537143
19,0.58515880302473389
16,0.71457641337570421
10,1.123466893157024
6,1.1063180709687761
19,0.97249335192926789
9,1.3176504381680036
7,0.526664053160663
7,0.66270163088096856
21,0.81991989584826275
19,0.86250712874088697
20,0.6309793038844711
5,0.62295104239018895
1,1.4942040758918784
25,0.90338997551112188
1,0.64298672995784023
10,1.1502164589295414
5,0.42594597370700654
2,1.3016966866152555
5,0.7599031778061901
22,0.91144451816642036
20,0.7489729235580237
7,0.74385629973116218
5,0.64557143746413159
19,0.95591200882650662
5,0.4115664112102751
6,0.93379382752389972
25,1.5539405204105166
17,0.9487561654878387
24,1.3376133683603375
10,0.57092553411913827
21,0.30479479577248325
7,0.98406016244739669
6,2.1533310180026293
25,0.60644592522028506
19,0.41679808152885928
21,0.55080733419426753
21,1.1733901603472403
1,0.68210692391920857
16,0.79452834314739296
16,1.2304221258396351
16,0.98212301925791601
6,1.1005141374168976
5,0.65555349758551906
22,1.2840820727450706
24,0.68905475623594836
21,1.0301733913512892
10,0.92058449120397567
10,0.53410018803715342
24,1.1141296928109283
6,0.96604868178836445
17,1.4470602398087298
20,0.55387960558242932
9,0.80748721283575553
2,0.53703509357848966
7,0.84189048996092997
21,1.1260948785805622
7,1.2397190038044938
19,0.78199605568124952
24,0.63665007765320336
21,1.1572297400145748
17,0.86976750933088376
5,0.96292971696596596
16,1.3937675277475015
19,0.65059857904228768
9,1.2357579164124037
9,1.1766144463533672
21,0.58900340690700792
2,1.0652992261354122
7,1.5996361688631053
7,1.40223272176237
24,0.64910100736060272
21,0.34655069675177791
22,0.72033394216974256
19,1.1755703718882338
6,0.24447199108400366
1,0.2836832404016088
10,1.2281114403849014
22,0.72145767853052223
1,0.5675576345631298
2,0.59275411295928715
21,0.75100169874879708
5,1.1162878095316935
10,0.76895175295673091
19,0.37762895072222652
25,1.1764492172959879
2,1.1505887517410844
6,0.48103436120508208
19,0.9712323297253741
9,0.62919955561166285
22,0.56136329586773159
10,1.6580056543970141
21,0.88132284023651009
1,0.90473092485107298
22,0.78471182498637482
1,0.89689419421594396
19,0.95544120578142233
20,1.0572548632586258
4,1.486480047143707
5,0.59919108530613308
22,0.7308145457827917
2,0.71602263600900362
10,0.53294946078762295
20,1.1036046066411984
17,0.88513956319621856
4,0.85117990529854992
20,1.5707484657747635
22,0.4212095438568047
7,0.55833543681598274
25,0.67278011672014337
25,0.86586535833511269
16,0.49970974453930134
5,0.732091872267574
20,0.78660729336124158
20,0.57510245410986938
20,0.59674115339217582
4,0.56395057754790701
25,0.63319079417097346
22,1.4516908358397971
16,0.48503581723889949
19,1.2746238876008504
22,0.4444325901545137
10,1.0717367379463556
9,0.75611989431592885
2,0.75289821729524542
21,0.73969502618570315
2,0.7188727017585661
16,0.70453709970563094
7,1.4721017290856899
16,1.0282734939419058
20,0.60523097628608025
21,0.74166395450483791
5,0.82176679249691764
7,0.58154766189123475
7,0.66151154918758248
24,1.238121739944313
2,0.7118156973528712
22,1.0483750836769703
7,0.5576692284981043
7,0.73990961854577486
7,0.99113034443547487
20,0.67768338103182435
2,0.76473898213738434
21,0.47492908219770258
5,0.53590056704605693
5,0.51491282314132913
19,0.74675532312657178
16,1.4312282172695898
25,0.58310674284898101
16,0.48589531279018244
21,0.98430570899417102
7,1.4463749241702597
7,1.0529325072088924
7,1.5212989258913678
7,0.75195942645906622
22,1.3555438270538334
20,1.2971747074977171
16,1.0029027068205334
5,0.97992217759628952
20,1.2433693099901117
20,0.67771930589533014
4,0.51043666009319044
25,1.37970173452923
16,0.87578687899573593
4,1.7811821840141926
2,1.0514417290825588
6,1.0212830513496622
1,0.90274593969648786
1,0.94686472378975384
25,1.0912847508233625
2,0.57152599375900448
25,0.8369602655402163
21,0.34206896086334881
9,1.0445656109112935
